"","ModelName","RMSE.baseline","MAE.baseline","RMSE.model","MAE.model","ME.model","MAPE.model","Adjusted R Square"
"1","All Buildings",0.0309886698320136,0.0153937434019894,0.0276216390450683,0.0115602485366829,-0.0000770640868293158,NA,0.202420262423917
