"","ModelName","RMSE.baseline","MAE.baseline","RMSE.model","MAE.model","ME.model","MAPE.model"
"1","All Buildings",0.031484875621652,0.0154767989058752,0.0196252778170242,0.00648645111050334,0.00227934026823728,-Inf
